user_id	user_name	time	location	text
879830160643686400	#DefendDACA	Fri Sep 08 01:33:45 +0000 2017	alexis + em + vin + malia	"RT @glendonfrancis: Hi! Irma completely obliterated the island of Barbuda, and the people there desperately need your assistance.
https://t…"
54588174	MeeL?w	Fri Sep 08 01:33:45 +0000 2017	Miami, FL	RT @cloutcash_: This Hurricane Might Be Strong ? But My God Is STRONGER ????.
3232167326	elephantmonstermcgee	Fri Sep 08 01:33:45 +0000 2017	Columbus, OH	"RT @rootmess: ?Hurricane Irma: a useful checklist?

PLEASE SPREAD &amp; KEEP SAFE https://t.co/BS1loU3HmU"
3214492931	Team Out East Fan	Fri Sep 08 01:33:45 +0000 2017	Winter Garden, FL	RT @NBCNightlyNews: BREAKING: Gov. Scott orders all Florida public schools, state colleges, state universities, state offices closed ahead…
760996271238680576	Stefanie	Fri Sep 08 01:33:45 +0000 2017	Auckland, New Zealand	"RT @billmckibben: 1) Irma at 190 mph
2) Harvey at 54 "" of rain
3) West ablaze
4) Record California heat
5) Donald Trump talking at an… "
2425717713	julia	Fri Sep 08 01:33:45 +0000 2017		RT @LilFloFrmDaDale: If South Florida has to evacuate for this hurricane Ima drown cause I'm on house arrest .
2782290468	MomMom	Fri Sep 08 01:33:45 +0000 2017	South Jersey	RT @TheIJR: Breaking: Hurricane Jose Upgrades to Category 3 Storm Barreling for Florida Behind Hurricane Irma https://t.co/gFGc18q11R
32496126	Goddess 2 Disney	Fri Sep 08 01:33:45 +0000 2017	New York	"Message from Walt Disney World Resort---

Hurricane Irma Update for Walt Disney World September 7, 2017
Walt... https://t.co/ghaGLVVOYo"
2584277118	?	Fri Sep 08 01:33:45 +0000 2017	Homeworld	RT @haarleyquin: excellent ways to deal with the hurricane, if i do say so myself https://t.co/EQR6yggzBR
583416286	Chris	Fri Sep 08 01:33:45 +0000 2017		RT @IAMDJLIVE: People out her dying and being misplaced. We don't give a single fuck. https://t.co/Wnr4AUGGjH
1961602806	Ashley	Fri Sep 08 01:33:45 +0000 2017		"RT @KillianTrill: Bush: Katrina 
Obama: Sandy
Trump: Harvey, Irma, Jose, Katia, Nazi's, Fake News, Tweets https://t.co/HJn10u9ed3"
887249926115123201	Marcian	Fri Sep 08 01:33:46 +0000 2017	Dreamville 	RT @TheDweck: Get out of this country if you can't speak the language https://t.co/T90Rt8DxQ8
247029815	design & inspiration	Fri Sep 08 01:33:46 +0000 2017	Houston, TX	Inspiring----HOusTON https://t.co/yGs6yD5ia6
900197876	??	Fri Sep 08 01:33:46 +0000 2017		"RT @Things4FLppl: Governor: Escape this hurricane and evacuate Florida immediately

Publix: we made cakes https://t.co/JimEqxEpDu"
351331093	Jesse Ramirez II	Fri Sep 08 01:33:46 +0000 2017	Livermore, CA	RT @PatBenzaleski: Scarface Calls Out Hurricane Relief Organizations that Exclude Low-Income Communities https://t.co/PhR49yYFh8 https://t.…
1452721158	kay	Fri Sep 08 01:33:46 +0000 2017	Redding, CA	RT @TheDweck: Get out of this country if you can't speak the language https://t.co/T90Rt8DxQ8
1320523698	Blackhawk	Fri Sep 08 01:33:46 +0000 2017		RT @AndrewLSeidel: That's not how hurricanes work. Or meteorology. Or legislation. https://t.co/I1jy0mzrvd
3051916335	Jordan ?	Fri Sep 08 01:33:46 +0000 2017	Littleroot Town, Hoenn	@SHPotat on second thought maybe the hurricane won't be so bad thanks for the offer tho ?
905967033170440192	BUY FOLLO?ERS :wbw	Fri Sep 08 01:33:46 +0000 2017		RT @stinaz27: The only cute Harvey &amp; Irma story: Harvey and Irma, Married 75 Years, Marvel at the Storms Bearing Their Names https://t.co/v…
1486532875	Pandamanda	Fri Sep 08 01:33:46 +0000 2017	Marietta, OH	RT @DJforEJ: #Harvey compounded many issues vulnerable communities were already facing. Now they are are in even more desperate situation.…
1615816542	Gabrielle Furgiuele	Fri Sep 08 01:33:46 +0000 2017	Forest Acres, SC	RT @CDCgov: Make sure your pets are also safe in the aftermath of #Harvey. https://t.co/md2j51CP8B #HealthyPets @CDCEnvironment https://t.c…
732057705146400768	Rojae Smith	Fri Sep 08 01:33:46 +0000 2017	Jamaica	I liked a @YouTube video https://t.co/PhwTjJ8cO0 HURRICANE IRMA LIVE FOOTAGE! (TRACKING HURRICANE IRMA)
344261757	Lorri Holt	Fri Sep 08 01:33:46 +0000 2017		RT @JustinTrudeau: Our thoughts are with those affected by Hurricane Irma. Canada and Canadians stand ready to assist during this time of n…
132006291	Nic Izzi	Fri Sep 08 01:33:46 +0000 2017	Harlem World	@rossputman @GareRick @JustYoungEnough I got Harvey Keitel stories.
373198066	Dolly's Delectables	Fri Sep 08 01:33:46 +0000 2017	Chicago, IL	RT @JoelNihlean: @EricHolthaus I combined the images of Hurricane Andrew (1992) &amp; Hurricane Irma (today) at scale in a gif. Irma is… 
2450343547	Connor Graham	Fri Sep 08 01:33:46 +0000 2017	Pawleys Island 	"Some people: ""Climate Change isn't real.""
Me: ""Katia is the sixth hurricane this season.""  ?#irma #jose #Katia"
756042812	M	Fri Sep 08 01:33:46 +0000 2017		@foxnewspolitics #fauxnews @rupertmurdoch great. https://t.co/9Q6kxasTeR
319290809	Brandon	Fri Sep 08 01:33:46 +0000 2017	Miami, FL	RT @JoelNihlean: @EricHolthaus I combined the images of Hurricane Andrew (1992) &amp; Hurricane Irma (today) at scale in a gif. Irma is… 
2562757116	Case? ?	Fri Sep 08 01:33:46 +0000 2017	Houston, TX	The asthma pump break killing me?? https://t.co/dWY6nG63OL
2964251922	Nam Nguyen	Fri Sep 08 01:33:46 +0000 2017		Paul Ryan: TT Trump không mu?n th?y ??u ?á ??ng phái sau bão Harvey... https://t.co/I2aVnZbOyW
355265479	Jason Decker	Fri Sep 08 01:33:46 +0000 2017	Syracuse, NY	RT @RyanMaue: If Hurricane #Irma takes ECMWF 12z slightly west track, huge wind gusts for Florida from Keys to Miami, Tampa &amp; Orl… 
747683942585798657	Gyneth Emmer	Fri Sep 08 01:33:46 +0000 2017		PROOF Black People Are Being ABANDONED In Houston https://t.co/axpkEq1lYY via @YouTube
2964251922	Nam Nguyen	Fri Sep 08 01:33:46 +0000 2017		Paul Ryan: TT Trump không mu?n th?y ??u ?á ??ng phái sau bão Harvey... https://t.co/XxnjOBW6QK
97989357	tHeKnOwLeDgEaGe	Fri Sep 08 01:33:46 +0000 2017	Earth	RT @USNavy: Supplies &amp; equipment loaded onto #USNavy #USSIwoJima today in #Norfolk, ensuring its ready to respond for Hurricane… 
4666674510	Rob	Fri Sep 08 01:33:46 +0000 2017		"RT @dinadinahh: ??Don't forget tmrw?? 
Crazy hair day, pep rally schedule, and the first home game of the year @ 7:30 at Sam Houston ??"
28150017	Edgar Carreiro Jr	Fri Sep 08 01:33:46 +0000 2017		@wevertonaguiiar @pedrorhormes Sim... mas o ataque de Houston eh melhor... SÓ FALTA um qb... Capaz do Alex Smith ba… https://t.co/TVCwNLZnXS
800360114	myles	Fri Sep 08 01:33:46 +0000 2017	Broward, FLA	"Add me on firechat hopefully this hurricane don't rock my shit
remembermyles"
158954724	rolandex	Fri Sep 08 01:33:46 +0000 2017		"""This is how much Miami has grown since Hurricane Andrew"" https://t.co/6Tq6IgY2cb"
1370971824	Susan? UnitedWeStand	Fri Sep 08 01:33:47 +0000 2017		"RT @Mike_Beacham: America has given up its founding hedge of protection. 
Libtards sold us out... 
They gambled away our nation's sou… "
242031841	Smartypants	Fri Sep 08 01:33:47 +0000 2017	United States	RT @NBCPhiladelphia: Former Presidents Launch 'One America Appeal' to Support Hurricane Victims https://t.co/AYNSkix7MG https://t.co/zALn6y…
871474951852896256	Beverly  Atherton	Fri Sep 08 01:33:47 +0000 2017		RT @B52Malmet: Disgusting. Performance artists with huge egos, they are so sick. This racist fake news is beyond disgraceful. https://t.co/…
2400564697	zobug ?	Fri Sep 08 01:33:46 +0000 2017	UNL '69	RT @TheDweck: Get out of this country if you can't speak the language https://t.co/T90Rt8DxQ8
3289974559	e.h	Fri Sep 08 01:33:46 +0000 2017	Canada	RT @_AlexHirsch: It's not too late! Donate NOW to help victims of Harvey &amp; Irma and you can WIN insanely rare GF &amp; R&amp;M prizes!… 
3313618153	Revan Athame	Fri Sep 08 01:33:47 +0000 2017	The Ultra Renegade Universe	"RT @LatestAnonNews: Resources and safety plan to help prepare for Hurricane Irma.

#HurricaneIrma #Irma https://t.co/qxGmtV8awm"
2282652077	lilbihhhh??	Fri Sep 08 01:33:47 +0000 2017		RT @TreySongz: Prayers up for all in the path of Hurricane Irma!!! ??
825862516223782912	Kate	Fri Sep 08 01:33:47 +0000 2017	Houston, TX	"RT @GeorgeTakei: Wrong to rename Hurricane Irma after Ivanka.

After all, Irma is a powerful fast moving storm while Ivanka is weak, powerl…"
886269224481509376	Diane Morgan	Fri Sep 08 01:33:47 +0000 2017		Epic Video: Steve Harvey Puts Democrats ON NOTICE! - https://t.co/clgF7idhF7
309931220	I Am Gemma?	Fri Sep 08 01:33:47 +0000 2017	Down In Turks & Caicos	RT @_vantiii: The worst thing in life HAS to be going thru Cat 5 hurricane w/ people saying negative things about it instead of having fait…
3064035547	Dricka Barrett?	Fri Sep 08 01:33:47 +0000 2017		RT @Dripsetjazz: May God be with everyone effected by this hurricane ?
2384384840	JoceySue	Fri Sep 08 01:33:47 +0000 2017		RT @EricHolthaus: If you're in Irma's path, this is a worst-case scenario. You've never been in a hurricane like this—not even Andrew… 
2595476324	the weather man	Fri Sep 08 01:33:47 +0000 2017	Charlotte, NC	RT @kind_kiwi: so my teacher tried to lighten the mood about the hurricane https://t.co/OpfWnNaBHT
3007635224	kita	Fri Sep 08 01:33:47 +0000 2017	w / j.cole 	RT @Bluntsandfood: There's so much money in this picture it should be framed. https://t.co/K9wGfm8KYV
830588465569996801	coolin' & booted	Fri Sep 08 01:33:47 +0000 2017		Let that boy out before the hurricane get em shit!! #ily #sniperrr #GLEE https://t.co/gMVsxsPGL8
949180207	Hannah Jean	Fri Sep 08 01:33:47 +0000 2017	Melbourne, FL	"Hurricane Drinking Game: take a shot every time you see a ""calm before the storm"" picture ???#HuricaneIrma"
131303580	Pedro Mateo	Fri Sep 08 01:33:47 +0000 2017	Sto. Dgo. R. D.	RT @NWSMiami: 5pm Thursday 9/7- It's not looking good for South FL. Friday is the last day to prepare for major hurricane impacts… 
2438022743	cande	Fri Sep 08 01:33:47 +0000 2017	rnta + cq	omg :( https://t.co/wPiopDnEiR
3236447924	Larry (Not A Leaper)	Fri Sep 08 01:33:47 +0000 2017	Saskatoon, Saskatchewan	"RT @BjornLomborg: Harvey and Irma are terrible, but we need perspective:
Landfalling US hurricanes trending downwards over past 140 y… "
23633315	Meni	Fri Sep 08 01:33:46 +0000 2017	Manchester, NH	Another reason I hate the media replicating hurricane force winds with the reporter? You suck CNN https://t.co/XqFAUYOQVA
820042865103532033	nina | happy bday jd	Fri Sep 08 01:33:47 +0000 2017	lost bm revolution elh	"RT @glendonfrancis: Hi! Irma completely obliterated the island of Barbuda, and the people there desperately need your assistance.
https://t…"
396283913	Antoine	Fri Sep 08 01:33:47 +0000 2017		RT @Original_Sels: Your president has the rhetoric of a 4th grader https://t.co/P6YBd5bDSw
33787443	Mark R. Schweitzer	Fri Sep 08 01:33:47 +0000 2017	Iowa/USA	RT @CNNPolitics: All five living former presidents launch appeal for help for Harvey victims https://t.co/9CuzuS4aZv https://t.co/6KD4gQmmK7
35878319	Reid Paley	Fri Sep 08 01:33:47 +0000 2017	brooklyn u.s.a.	"RT @kurteichenwald: Gee, how...expected.

REVEALED: Alex Jones and Tucker Carlson spread racist fake news about black Harvey ‘looters’ http…"
772343646	Luís Antônio	Fri Sep 08 01:33:47 +0000 2017	Los Angeles, CA	RT @nflcommish: The NFL is proud to work w/ all the living former Presidents to support hurricane relief efforts. Special TV message airing…
1018792536	aly	Fri Sep 08 01:33:47 +0000 2017	Miami, FL	RT @isabellacast0: Im so glad im still getting paid for the days I can't work bc of the hurricane
246041237	heatherwat	Fri Sep 08 01:33:47 +0000 2017	Northeast	RT @Corrynmb: Obama put the Clintons in charge of Haiti relief &amp; they embezzled millions!No way I would trust this! #Harvey https://t.co/12…
240565319	Evening of Songs	Fri Sep 08 01:33:47 +0000 2017	United States of America	RT @hurrtrackerapp: The size of hurricanes can make a tremendous difference. #Andrew was bad but #Irma may be worse in Florida. https://t.c…
137120546	qonita	Fri Sep 08 01:33:47 +0000 2017		"RT @elisewho: “I don’t know how they’ve done that, to have a Harvey and Irma” 

Adorable, via @nytimes
https://t.co/4NKvkJno7R"
3393260355	gang shit beech	Fri Sep 08 01:33:47 +0000 2017		RT @JoelNihlean: @EricHolthaus I combined the images of Hurricane Andrew (1992) &amp; Hurricane Irma (today) at scale in a gif. Irma is… 
15839158	Graham Phillips	Fri Sep 08 01:33:47 +0000 2017	NYC	Get out get out get out....get get get out out out... https://t.co/35eFW5QFyK
3171838972	susan anderson	Fri Sep 08 01:33:47 +0000 2017	Florida, USA	"RT @exoticgamora: #HurricaneIrma #FLPrepares 

?WiFi?

After the storm, Comcast Xfinity offers everyone free wifi. Details below???

https:…"
528997718	hannaH	Fri Sep 08 01:33:48 +0000 2017	disney	why is it that my mom has better food during the hurricane than on a normal week???
270756775	Bonita Applebum	Fri Sep 08 01:33:48 +0000 2017	Minneapolis, MN	RT @brownandbella: Uh, just don't plan your wedding in a hurricane prone area during hurricane season. How is that difficult? https://t.co/…
100787573	Briana Shelton	Fri Sep 08 01:33:48 +0000 2017		RT @jordancatchen: I'll take them all https://t.co/ARbCBHAHBO
1072000286	selina	Fri Sep 08 01:33:48 +0000 2017	austin,tx	RT @KyAkaClutch: Hurricane Irma, you're doing amazing sweetie https://t.co/Hi6jfrEEXT
43977758	Gabe A.	Fri Sep 08 01:33:47 +0000 2017	United States	EE being talked down to by mis-educated(via 3rd+ wave feminism) suffering from Dunning–Kruger effect. https://t.co/qJ1AJlbyuR
312319316	Karen	Fri Sep 08 01:33:48 +0000 2017	st. Peters, MO	RT @BillClinton: Hurricane Harvey shattered homes and lives. Irma is just as dangerous. Americans lift each other up. Join us to hel… 
326958888	Jose A. Bastidas	Fri Sep 08 01:33:48 +0000 2017	Hallandale Beach, FL	The thing is maostly worried about this hurricane is that I'm not going to have working A/C for a while ??
1890685998	?Drift Papi?	Fri Sep 08 01:33:48 +0000 2017	Florida, USA	RT @itsthatkidefren: HOLY FUCKKKK https://t.co/pZT28XKXRN
13216042	Nick Holmes	Fri Sep 08 01:33:47 +0000 2017	The shadow of your smile.	CNN has a reporter in a wind tunnel describing what people in a hurricane might feel.   What. The. Hell?
166416321	Hungry Hungri Hungrè	Fri Sep 08 01:33:48 +0000 2017		@haitiAnPhrEsh I don't wanna tear into my hurricane snacks yet ?
510843740	Justen Scroggins	Fri Sep 08 01:33:48 +0000 2017	Frolicking ?	RT @PennStateIFC: With the current devastation in Houston, we are pledging $0.15 for every RT this gets! Please forward this along to… 
522798039	Garrett Gustafson	Fri Sep 08 01:33:48 +0000 2017	Madera(middle of nowhere)Ca	"RT @juleedao_: yALL. eclipse was on the 21st, harvey began on the 25th, floods started on 26th. if you google ""21 25 26"", this com… "
275461167	Don	Fri Sep 08 01:33:48 +0000 2017	Palm Bay, FL	@ImpishMATT Saturday I get hit by a hurricane
130396137	Bethany Baptist	Fri Sep 08 01:33:48 +0000 2017	Chester Pa.	"Pray for Everyone in the Path of Hurricane Irma!
Have a safe weekend!"
468861293	Stephen L. Wakefield	Fri Sep 08 01:33:48 +0000 2017	greenville, sc	RT @georgerogers38: OK,Gamecocks,Tigers,Bulldogs,and every other mascot in the state PLEASE listen to the officials this hurricane is no jo…
67423362	Montoya ?	Fri Sep 08 01:33:48 +0000 2017	?	"#NEH Chairman’s Emergency Grants Available for Humanities Institutions Impacted by Hurricanes Harvey + Irma
Museums https://t.co/p7JHkmaCOD"
17133301	Karen D Chappell	Fri Sep 08 01:33:48 +0000 2017	Orlando, Florida	RT @AltUSPressSec: This is O.G. Spicey. I will be resuming control of the account for duration of Hurricane Irma to coordinate &amp; assist wit…
784813688129662977	Deplorable lynn	Fri Sep 08 01:33:48 +0000 2017	Ohio, USA	RT @Corrynmb: Obama put the Clintons in charge of Haiti relief &amp; they embezzled millions!No way I would trust this! #Harvey https://t.co/12…
879830160643686400	#DefendDACA	Fri Sep 08 01:33:48 +0000 2017	alexis + em + vin + malia	"RT @glendonfrancis: Hurricane Irma also demolished the island of St. Maarten. The folks their need assistance. 
https://t.co/K0KVG1id4k"
1175284032	St Lucia News Online	Fri Sep 08 01:33:48 +0000 2017	Bonneterre, Gros Islet	"CCRIF to make payouts totalling US$15.6 million (EC$42 million) after Hurricane Irma
https://t.co/3pDEWK5Jny https://t.co/GPAku1sodW"
2906978162	Pako Buelna	Fri Sep 08 01:33:48 +0000 2017	Mexicali, Baja California	RT @GoogleFacts: This is how devastating the flooding in Houston has been to Interstate 10 https://t.co/qK38DJXu6Z
24927249	Janet DeVito	Fri Sep 08 01:33:48 +0000 2017	Exactly where I want to be!	@RumShopRyan Is this Irma Hurricane? Or Ivan?  Not sure if that is from years ago
3350980984	™	Fri Sep 08 01:33:48 +0000 2017		I liked a @YouTube video https://t.co/UXN7aRRu7o WE'RE NOT EVACUATING...... HURRICANE IRMA IS COMING SOON ??
335684090	GERENTE COMPRAS	Fri Sep 08 01:33:48 +0000 2017		RT @CNN: Four people have died in the US Virgin Islands as a result of Hurricane #Irma, a spokesman for the government says… 
4852212666	lil cardiac arrest	Fri Sep 08 01:33:48 +0000 2017		I've watched every episode of Harvey birdman attorney at law like 8 times accept for the last one. I'm watching that one on my death bed
24403073	Gayle Anderson	Fri Sep 08 01:33:48 +0000 2017		"RT @ktlagayle: KJLH Hurricane Harvey Donation Collection,Friday, 9/8
,161 North La Brea
Inglewood.Donations going directly to affe… "
759197754044416004	#WomenWhoMAGA??	Fri Sep 08 01:33:48 +0000 2017	Freedom, USA	RT @SteveBannen: Paul Ryan worked with Democrats to elect Hillary Clinton while Donald Trump works with Democrats to deliver aid to Hurrica…
880070320501161984	Amber Lee B.	Fri Sep 08 01:33:48 +0000 2017		Was he there for my mammogram scare...no no no Hurricane blowing in, but I sure dont see him...no no no
975217231	JohnFor Trump-MAGA?	Fri Sep 08 01:33:48 +0000 2017	Where Freedom Rings 	"RT @AD_WHITMAN: Hurricane Andrew (1992, inset) &amp; Hurricane Irma (today), at scale.

?Please be safe if you're in the path of this!?
 https:…"
763456606000394240	BadAss Meetings	Fri Sep 08 01:33:48 +0000 2017	Columbus, Ohio	RT @mashable: How one nonprofit is empowering people with disabilities in Hurricane Irma's path https://t.co/H3lWeBlVVt
905967033170440192	BUY FOLLO?ERS :wbw	Fri Sep 08 01:33:48 +0000 2017		RT @Original_Sels: Your president has the rhetoric of a 4th grader https://t.co/P6YBd5bDSw
899050412887556096	god hates sarah	Fri Sep 08 01:33:48 +0000 2017	Kuna, ID	"RT @lordflaconegro: Texas: We just had the worst hurricane in recorded history

Florida: Hold my beer https://t.co/n76a6nNNkZ"
1000222650	stuck stateside	Fri Sep 08 01:33:48 +0000 2017	LA	RT @kind_kiwi: so my teacher tried to lighten the mood about the hurricane https://t.co/OpfWnNaBHT
82764661	c?r????n??	Fri Sep 08 01:33:48 +0000 2017	High By The Beach, CA	RT @txflxn: Freak-a-leek? https://t.co/xzm1IhVqmT
1669294142	Ann Mullikin	Fri Sep 08 01:33:48 +0000 2017	 Greater Richmond Area, VA	Harvey and Irma, Married 75 Years, Marvel at the Storms Bearing Their Names https://t.co/HiYNDsNNE8
825836837235200000	Room With a View	Fri Sep 08 01:33:48 +0000 2017		"RT @kurteichenwald: Gee, how...expected.

REVEALED: Alex Jones and Tucker Carlson spread racist fake news about black Harvey ‘looters’ http…"
805937701585375232	layla?	Fri Sep 08 01:33:48 +0000 2017		RT @JoeThe5how: Ehhh I got a Category 5 Hurricane named Irma out of all names that's slowly gonna be making its way up the fucking… 
136912364	Travis	Fri Sep 08 01:33:48 +0000 2017	Miami, FL	RT @ChaseShermanUFC: Before hurricane Irma hits, y'all need to take pics without filters or make up just in case we need to identify anyone.
24725704	Jason Hummel	Fri Sep 08 01:33:48 +0000 2017	Reading, PA	RT @PennStateIFC: With the current devastation in Houston, we are pledging $0.15 for every RT this gets! Please forward this along to… 
64238036	tiff	Fri Sep 08 01:33:48 +0000 2017	803	RT @XANDERVILLA_: ATTENTION SOUTH FLORIDA: in the midst of the upcoming hurricane be advised that hot cheetos are an efficient altern… 
298340480	Saul Montelongo Jr	Fri Sep 08 01:33:48 +0000 2017	Edcouch-Elsa 	RT @troytheblackguy: These storms trynna run a train on America like we some kind of hoe https://t.co/06LeKJyuAM
754565108051816448	Abigail	Fri Sep 08 01:33:48 +0000 2017	Sarasota, FL	RT @moiseschiu: This means that Hurricane Irma is now the most powerful hurricane ever measured, therefore exceeding the definition… 
4839933910	Harold Dunn	Fri Sep 08 01:33:48 +0000 2017	United States	Sound Royalties Pledges $250,000 in Interest-Free Financing to Florida Music Community Ahead of Hurricane Irma https://t.co/usgvwS1l5K
2789462213	BFA	Fri Sep 08 01:33:48 +0000 2017		RT @MichelleObama: The outpouring of support for Houston &amp; communities along the Gulf Coast represents the best of who we are &amp; what t… 
3194913091	Mcmisher	Fri Sep 08 01:33:49 +0000 2017	Troutdale, OR	RT @businessinsider: Our hurricane risk models are dangerously out-of-date — via @techreview https://t.co/9BWLioLGD9 https://t.co/cN4ake6e2J
4496497823	??Mare&Jay??USA	Fri Sep 08 01:33:49 +0000 2017	Florida, USA	RT @thomasbroccoli: Florida - Whenever #HurricaineIrma decides to hit our shores, we won't back down! As I've said, we WILL BEAT this h… 
4136531305	Juvo	Fri Sep 08 01:33:49 +0000 2017	San Francisco, CA	RT @haydenalcalde: great move by our partner @FLOWAntigua  -- good luck to all our customers down there in Irma's path ? https://t.co/RxCo7…
3437563559	alyssa harper	Fri Sep 08 01:33:49 +0000 2017	Benson, NC	RT @heartlle: Dear Florida, I don't know how to say this politely so RUN BITCH! https://t.co/42ViGTviOj
4899784246	carla is spooky?	Fri Sep 08 01:33:49 +0000 2017	shooketh	YOU GUYS I THOUGHT HURRICANE KATIA WAS SPELLED LIKE KATYA AND WAS ABOUT TO LUAGH MY ASS OFF
269753160	Freedom	Fri Sep 08 01:33:49 +0000 2017	Georgia, USA	RT @nytimes: Harvey is 104. Irma is 92. They've been married 75 years. They've only ever seen a hurricane on TV. https://t.co/aLxvCzAEDl
261073678	Arianna ??	Fri Sep 08 01:33:49 +0000 2017	Jacksonville, FL	"I find it very horrible that we’re accepting donations for H. Harvey victims while we prep for a more severe hurricane. 

But then again"
2512802172	????	Fri Sep 08 01:33:49 +0000 2017	Somewhere listening to sade	RT @Cant_Turn_Left: Do what you do best and  finish it off Jose https://t.co/PWDWRCr9aG
581151880	Donna Wheeler	Fri Sep 08 01:33:49 +0000 2017	Lexington, KY	Florida sheriff threatens to check for warrants at hurricane shelters https://t.co/gToGHcdqeC via @HuffPost
862398345045737472	titi	Fri Sep 08 01:33:49 +0000 2017	Miami, FL	RT @hey_jenay: Single image from an editorial shoot in the 80s that ended up on tumblr? No. Just Flamingos riding out hurricane An… 
2215482000	Amparo Edo	Fri Sep 08 01:33:49 +0000 2017	Minnesota	RT @drnoreen: #westnilevirus all over #Houston post #HurricaineHarvey Tips at https://t.co/LMK5wunDRL #Mosquito #DrNoreen… 
864946859957243905	speedy snapper?™	Fri Sep 08 01:33:49 +0000 2017	They/them	RT @_AlexHirsch: It's not too late! Donate NOW to help victims of Harvey &amp; Irma and you can WIN insanely rare GF &amp; R&amp;M prizes!… 
2977680518	Ric	Fri Sep 08 01:33:49 +0000 2017	Kendall-Boca-CypressCreek area	"RT @EthanG0515: Timeline of events:
@SunSentinel fires @hfialkov
Hurricane Harvey destroys parts of Texas
Hurricane Irma heading right for…"
39094368	Greg Wilson	Fri Sep 08 01:33:49 +0000 2017	Brunswick.GA	OMGAWD 20 cents on the $ at most!!!! https://t.co/rnBl7ZZeft
2310469872	kerin.	Fri Sep 08 01:33:49 +0000 2017	America	"Bot race; dac/dacprotest,betsy.
Despite crisis! #Irma #PuertoRico #Miami #Harvey #floods ; why the influence of you? #Icare wtsuragnda?"
2705574943	(((Olivia Kinnear)))	Fri Sep 08 01:33:49 +0000 2017	New Orleans, LA	"RT @elisewho: “I don’t know how they’ve done that, to have a Harvey and Irma” 

Adorable, via @nytimes
https://t.co/4NKvkJno7R"
2340485189	rie	Fri Sep 08 01:33:49 +0000 2017		RT @itsgabsbro: ????? https://t.co/vUmX7Gzf9U
33034609	N French	Fri Sep 08 01:33:49 +0000 2017	Toronto Ont	RT @Report24CA: Justin Trudeau says Canada will ‘stand ready’ to assist Hurricane Irma relief https://t.co/p54RI52aZH https://t.co/q5LFHwwx…
28136603	Juan Maldonado, M.S.	Fri Sep 08 01:33:49 +0000 2017		RT @GAppleComics: Help @greaterhoucf Hurricane relief 100% donated of Ghost Rider comics signed by @IamGabrielLuna @FelipeTweeters :… 
21627578	Nicole  #SPNHarvey	Fri Sep 08 01:33:49 +0000 2017	Norfolk, VA	RT @Lauremari2: @curemecfs @schachin @TransRightsMOVE @MsResistFL @cupcaking3 @historychick29 @Minervasbard @elizabethdawn… 
36918675	Katy (SS) Hoffard	Fri Sep 08 01:33:49 +0000 2017		Barbuda’s beach was like a ‘Caribbean version of Dunkirk,’ one rescuer said - The Washington Post https://t.co/WJAlKEsxrz
842563657	Weather & More	Fri Sep 08 01:33:49 +0000 2017	Palm Beach Gardens, FL	RT @NWSCorpus: Here is a look at Cat 5 Hurricane #Irma, Cat 3 Hurricane #Jose and Cat 1 Hurricane #Katia this evening.  More info:… 
190937471	David Romero Q.	Fri Sep 08 01:33:49 +0000 2017	Honduras	RT @LuisOmarTapia: Estimados amigos en la Florida, vean la magnitud de huracán Irma hoy en día y Andrew del 92. Protejan la familia. B… 
420053134	Maria Quitéria	Fri Sep 08 01:33:49 +0000 2017	USA	RT @Breaking911: JUST IN: Florida Governor orders all public schools, state colleges, state universities &amp; state offices to close ahead of…
2881626239	Alexander Avella III	Fri Sep 08 01:33:49 +0000 2017		Hurricane Irma increasingly a threat to Miami @CNNI https://t.co/w6Ijyqq5JA
841593018	arianna	Fri Sep 08 01:33:49 +0000 2017	Florida, USA	"RT @Codeine_Kobe: Are you really ""305 till you die"" if you evacuate during hurricane"
2850341838	Christ Execs Council	Fri Sep 08 01:33:49 +0000 2017	Ghana	Prayer for those in path of Hurricane https://t.co/PK1EaD4Mhe
523998626	Worshipping Warrior	Fri Sep 08 01:33:49 +0000 2017	God's Will. 	RT @ReconcileUs: Yo all my homies in South Florida from Miami to Ft. Myers if u can evacuate, please evacuate. PUT UP HURRICANE SHUTERS!!!
113897359	Himanish Prabhakar	Fri Sep 08 01:33:50 +0000 2017	New Delhi	nytimes: Here's what the Caribbean islands directly in Hurricane Irma’s path looked like after the storm https://t.co/K5StJ8gbP8
816035971	M?c?a?l????	Fri Sep 08 01:33:49 +0000 2017	Miami, FL	"RT @EricHolthaus: Hurricane Andrew (1992, inset) &amp; Hurricane Irma (today), at scale.

https://t.co/0eaOdWFVx5 https://t.co/yhIlAKNCpL"
823263924317515776	Misty Kumar	Fri Sep 08 01:33:49 +0000 2017		"RT @PrincessBravato: Well when you put it that way
HOLY f****** hell!!!!!
#Irma2017 https://t.co/a81tVbTH4q"
1105510860	Andrew	Fri Sep 08 01:33:50 +0000 2017		"RT @xavierolivoo: fat nick is hurricane Irma ?
@_FatNick https://t.co/NSghiCbCmG"
1968922015	Sandy Kretschmer	Fri Sep 08 01:33:50 +0000 2017	Chicago, IL	Harvey and Irma, Married 75 Years, Marvel at the Storms Bearing Their Names - The New York Times https://t.co/z0GkUwvWYI
820042865103532033	nina | happy bday jd	Fri Sep 08 01:33:50 +0000 2017	lost bm revolution elh	"RT @glendonfrancis: Hurricane Irma also demolished the island of St. Maarten. The folks their need assistance. 
https://t.co/K0KVG1id4k"
2407440072	Jake Reynolds	Fri Sep 08 01:33:50 +0000 2017		RT @neontaster: I really wouldn't mind this kind of thing if it wasn't coming from the people who spent the last decade lobbying to… 
1095813852	Kathryn Daniel	Fri Sep 08 01:33:50 +0000 2017	Pensacola 	RT @BlueWahoosBBall: True!!! 1pm game time! https://t.co/weJ86O9DcM
702831182	Amir	Fri Sep 08 01:33:50 +0000 2017	Palm Desert, CA	"RT @dogsrppltoo: https://t.co/BVa9D2lssy
PLEASE DON'T LET THESE ANINALS BE KILLED BECAUSE OF THE THREAT OF HURRICANE https://t.co/0cWc8goB8…"
261080042	Alan	Fri Sep 08 01:33:50 +0000 2017	Chelsea	RT @astros: Off day reading and good vibes: Every read is a donation to Harvey relief! Click below ?? https://t.co/Q3QxywlZbG
126105710	Jess	Fri Sep 08 01:33:50 +0000 2017	Orlando, FL	"RT @Nae_Starr: UCF - closed
Valencia - closed 
Tolls roads suspended

...maybe my jobs don't know there is a hurricane coming ? ?????"
2274106676	sophia	Fri Sep 08 01:33:50 +0000 2017		RT @IAMDJLIVE: People out her dying and being misplaced. We don't give a single fuck. https://t.co/Wnr4AUGGjH
261047651	Joe Pinto	Fri Sep 08 01:33:50 +0000 2017		RT @kind_kiwi: so my teacher tried to lighten the mood about the hurricane https://t.co/OpfWnNaBHT
315557943	David A. Velazquez	Fri Sep 08 01:33:50 +0000 2017	Orlando, Florida	Parents are thinking of going to spend the hurricane at my aunt's house... we'll figure it out tomorrow
2893206325	Super Ruby Liz	Fri Sep 08 01:33:50 +0000 2017		RT @TheRickyDavila: I mean, this isn't even a joke, America &amp; its future is in very real danger with these self serving, deranged buffo… 
119575089	Sheri Guthrie	Fri Sep 08 01:33:50 +0000 2017	Brookneal, Virginia	RT @pchee: Hurricane #Irma is now stronger than Katrina was at its peak https://t.co/QhyDtbQu5I
877249792237285377	Sherree	Fri Sep 08 01:33:50 +0000 2017		RT @CBSNews: No storm in recorded history has maintained top winds of 185 mph for 37 hours —until Hurricane Irma… 
78962736	KAYLEE BURRIS	Fri Sep 08 01:33:50 +0000 2017	Daytona Beach, FL	RT @llendonmar46: Meet The 17 Senate Republicans Who Betrayed Harvey Victims By Voting Against Hurricane Relief via @politicususa https://t…
879830160643686400	#DefendDACA	Fri Sep 08 01:33:50 +0000 2017	alexis + em + vin + malia	"RT @glendonfrancis: Anguilla is another island disrupted by the fury of hurricane Irma. The folks desperately need assistance.
https://t.co…"
2251154583	kenna lynch	Fri Sep 08 01:33:50 +0000 2017	Kentucky, USA	RT @YahBoyCourage: you a mf corndog if you think global warming is a myth https://t.co/rbXSy8lHd1
521774732	?	Fri Sep 08 01:33:50 +0000 2017	Boston??Baltimore	RT @B911Nature: Hurricane Andrew (1992) vs Hurricane Irma (2017) https://t.co/hZvy1Y1p6v
58642522	Michael Fargnoli	Fri Sep 08 01:33:50 +0000 2017	Orlando, Florida	RT @citybeautiful: In advance of Hurricane #Irma we're waiving fees at five @DWNTWN_ORLANDO garages starting Saturday morning --&gt;… 
1343427037	Alice McGowen	Fri Sep 08 01:33:50 +0000 2017	IL.	RT @WCraigFugate: S. Florida &amp; Fl Keys. Hurricane #Irma is heading your way.  Move from preparing to action. Heed evacuation orders, take y…
2500891846	mel?	Fri Sep 08 01:33:50 +0000 2017		RT @OfficialJoelF: Hurricane Andrew compared to Hurricane Irma (left, right) https://t.co/Kz9qjMYq43
3150800516	JForest	Fri Sep 08 01:33:50 +0000 2017		"RT @StormSignalSA: 99.960% of the atmosphere is 'not' CO2.
97% of CO2 is 'not' by humans. Human percentile atmosphere = CO2 = 0.0012% https…"
189967507	Holtz Ludlam	Fri Sep 08 01:33:50 +0000 2017	Miami, FL	RT @nytimes: Harvey is 104. Irma is 92. They've been married 75 years. They've only ever seen a hurricane on TV. https://t.co/aLxvCzAEDl
467866487	Dave Nichols	Fri Sep 08 01:33:50 +0000 2017	Music City, USA	RT @ABCWorldNews: St. Martin's famous airport badly damaged by Hurricane Irma: https://t.co/JcXHCs4JKi https://t.co/Ujp4m1x4GC
618935950	Emerson RHA	Fri Sep 08 01:33:51 +0000 2017	Emerson College	RT @NASA_SPoRT: Hurricane #Irma is moving WNW at 16 MPH with max sustained winds of 175 MPH. A hurricane watch has been issued for… 
1689666012	Mrsj	Fri Sep 08 01:33:50 +0000 2017	Michigan, USA	RT @EdKrassen: Things are looking less disastrous here on the West Coasts of Florida. Not so much for Miami!  https://t.co/cpx4evoRzV
2797030032	vero??	Fri Sep 08 01:33:50 +0000 2017		No quiero que de acabe el mundo?????????????? https://t.co/CrZ3HCUgYg
809957630	Alexx ?	Fri Sep 08 01:33:51 +0000 2017		RT @troytheblackguy: These storms trynna run a train on America like we some kind of hoe https://t.co/06LeKJyuAM
891101580623323136	MAGA Engineer ??	Fri Sep 08 01:33:51 +0000 2017	Behind Enemy Lines, USA	RT @ScottAdamsSays: Mark Cuban: Trump's Democrat deal on Harvey, debt was really smart |  https://t.co/38JZHU77dH
3275061679	Niquiel Fahie	Fri Sep 08 01:33:50 +0000 2017		RT @OnlyAsianIKnow: 441 getting pushed back to 2025. https://t.co/e9fmmepe4F
103160528	Luis	Fri Sep 08 01:33:51 +0000 2017	Earth	RT @ABC: Rainbow forms over Florida Turnpike in Osceola County, Florida, as residents hit the road ahead of Hurricane #Irma.… 
325247148	Joshua Powell	Fri Sep 08 01:33:50 +0000 2017		RT @BIacknMild: Why name hurricanes soft names like jose? Name that shit hurricane death megatron 300 and i gurentee everyone will evacuate…
822941873329336320	Linda Treitler	Fri Sep 08 01:33:51 +0000 2017	Wichita Falls Texas 	"RT @WSJ: Hurricane Irma’s record-setting winds left a trail of devastation across a string of small islands in the Caribbean
https://t.co/g…"
2950285623	Kellzzz	Fri Sep 08 01:33:51 +0000 2017	w/ my baby	RT @swvnk___: Joel...... you see I was chillen and had hope until your tweet came along in my TL. https://t.co/GCu8hHj1eB
1265182123	Nina Bell	Fri Sep 08 01:33:51 +0000 2017	Memphis, TN	RT @RealJamesWoods: Florida governor urges people in Irma's path to get out: 'We can't save you' | Fox News https://t.co/5Zs9Wc6Fh1
2198005342	Lissi Hernandez	Fri Sep 08 01:33:50 +0000 2017	Miami 	RT @TheDweck: Get out of this country if you can't speak the language https://t.co/T90Rt8DxQ8
81714813	Sapienist	Fri Sep 08 01:33:51 +0000 2017	California	"RT @CornellWBrooks: If you define ""denial"" as ""just talk,"" now's not the time for talk. W/ a crisis on our shores, NOW's the time to AC… "
2906322384	Elaine Cooper	Fri Sep 08 01:33:51 +0000 2017		"Retweeted Reuters Top News (@Reuters):

Monstrous Hurricane Irma kills 14 in Caribbean, heads for Florida... https://t.co/fGGjtRjbaq"
73251729	Ellen Ebacher	Fri Sep 08 01:33:51 +0000 2017		RT @LowellFireDept: Truck # 1 - on the way to Houston from Dracut &amp; Lowell MA! https://t.co/awl8PvlkBr
423217064	BWhitey	Fri Sep 08 01:33:51 +0000 2017	Beech Bottom, WV	RT @Matsboomchafsky: If I blast xxxtentacion loud enough during the hurricane it might kill itself before it kills us
2384668045	Princess Of MeowTown	Fri Sep 08 01:33:51 +0000 2017	J's fat ass	RT @XANDERVILLA_: ATTENTION SOUTH FLORIDA: in the midst of the upcoming hurricane be advised that hot cheetos are an efficient altern… 
727328316345208833	Whitey McPrivilege	Fri Sep 08 01:33:51 +0000 2017	Wisconsin, USA	RT @Corrynmb: Obama put the Clintons in charge of Haiti relief &amp; they embezzled millions!No way I would trust this! #Harvey https://t.co/12…
62942033	Party Pana	Fri Sep 08 01:33:51 +0000 2017	Cleveland, OH	FAKE NEWS! https://t.co/zj3C9SYq4h
2445620437	Dani.omo	Fri Sep 08 01:33:51 +0000 2017		My thoughts https://t.co/yvuTcBT8pt
817127686057422853	Found Truth	Fri Sep 08 01:33:51 +0000 2017	USA	RT @SteveBannen: Paul Ryan worked with Democrats to elect Hillary Clinton while Donald Trump works with Democrats to deliver aid to Hurrica…
259493442	versace mamí	Fri Sep 08 01:33:51 +0000 2017	knoxville tn-omaha ne	judge me idc I'm terrified https://t.co/AAusxHCgRC
2429647765	Jane	Fri Sep 08 01:33:51 +0000 2017		RT @GMA: All 5 living former American presidents come together to launch “One America Appeal” to assist hurricane victims:… 
603063963	Tarkara	Fri Sep 08 01:33:51 +0000 2017	Dover	RT @Mcstronghuge: Lalafell Invasion for Hurricane Relief - This Saturday!!! Raise awareness and help relief efforts for our... https://t.co…
2563887397	ashley an	Fri Sep 08 01:33:51 +0000 2017		RT @prince_hoeing: Houston weather should always be like this ??
745521842	Merlin Marshall	Fri Sep 08 01:33:51 +0000 2017	Alpha Centauri	RT @NWSEastern: 11am #Irma still with 175 mph max winds. Moving WNW @ 16 mph. Hurricane Watch for South Florida &amp; FL Keys. Turn to… 
847110247843938304	Queen of Shade??	Fri Sep 08 01:33:51 +0000 2017	California	That is such a stupid idea. https://t.co/EzMJaT3STB
783083007330619392	James	Fri Sep 08 01:33:51 +0000 2017		House approves $8 billion Harvey aid package https://t.co/Hw6hoB87Na
3364934405	Larry Knight	Fri Sep 08 01:33:51 +0000 2017		RT @JRonMelrose: Nigga excited https://t.co/u31X5YiSzf
3643260914	Aliyah???	Fri Sep 08 01:33:51 +0000 2017		RT @heartlle: Dear Florida, I don't know how to say this politely so RUN BITCH! https://t.co/42ViGTviOj
337761893	Roberto	Fri Sep 08 01:33:51 +0000 2017	New York	Yes, there are excuses. Many people don't evacuate because they have pets. https://t.co/bIKULvGJD7
989338080	VivianScott	Fri Sep 08 01:33:51 +0000 2017		"Minister ""UK leading world on climate"" while ""talks with UK Export Finance"" for $800m loan to develop Falklands oil… https://t.co/kMlbKLaGf0"
366077846	Charis Megill	Fri Sep 08 01:33:51 +0000 2017	Texas	RT @EricHolthaus: If you're in Irma's path, this is a worst-case scenario. You've never been in a hurricane like this—not even Andrew… 
4502146274	Franklin D Roosevelt	Fri Sep 08 01:33:51 +0000 2017		RT @AggieAndrew: We went from 'Total Eclipse of the Heart' to 'Rock You Like a Hurricane' all in ONE WEEK. Texas weather got us covered on…
1198462128	LIL SRIJ	Fri Sep 08 01:33:51 +0000 2017	Greenwood Village, CO	RT @kind_kiwi: so my teacher tried to lighten the mood about the hurricane https://t.co/OpfWnNaBHT
45584305	Roberto C M	Fri Sep 08 01:33:51 +0000 2017	New York, NY	Yes, there are excuses. Many people don't evacuate because they have pets. https://t.co/uQNqrk02zx
1636533092	Stacey	Fri Sep 08 01:33:51 +0000 2017		RT @HernandoSchools: Hurricane Irma Update - Governor Scott Closes All K-12 Public Schools, State Colleges, State Universities &amp; State Offi…
4862149347	carly	Fri Sep 08 01:33:51 +0000 2017	my deep dark pit of bitterness	"RT @FOX13News: BREAKING: Gov. Scott orders all public schools, state offices to close through Monday. #Irma
https://t.co/1zuxjxENKp"
4038838947	Sandra Ince	Fri Sep 08 01:33:51 +0000 2017		RT @MichelleObama: The outpouring of support for Houston &amp; communities along the Gulf Coast represents the best of who we are &amp; what t… 
3182032872	Darian ?	Fri Sep 08 01:33:51 +0000 2017	TX	RT @CupcakKe_rapper: Nope your coming to the show and I'm going to pay for the textbook https://t.co/nNdbCSe5d0
355265479	Jason Decker	Fri Sep 08 01:33:51 +0000 2017	Syracuse, NY	RT @RyanMaue: Follow local NWS Offices for updated forecasts of Hurricane #Irma @NWSMiami @NWSTampaBay @NWSMelbourne… 
814137500	International Jones	Fri Sep 08 01:33:51 +0000 2017	Charlotte, NC	RT @JRonMelrose: Nigga excited https://t.co/u31X5YiSzf
905082102311510016	Hurricane Irma	Fri Sep 08 01:33:52 +0000 2017	Florida, USA	RT @NHC_Atlantic: Hurricane #Irma Advisory 35A: Irma Pummeling the Turks and Caicos Islands. https://t.co/VqHn0uj6EM
339398337	Rick Burt	Fri Sep 08 01:33:52 +0000 2017	Washington, DC	RT @ABC: Former US Presidents band together to launch 'One America Appeal' to help hurricane victims https://t.co/oGPAmkTzQY https://t.co/R…
786066434	hype$	Fri Sep 08 01:33:52 +0000 2017	Bahamas	RT @cinnabae_: And this isn't because of the hurricane either ? https://t.co/dikvYpDIlP
2222587376	GOAT.??	Fri Sep 08 01:33:52 +0000 2017		RT @IAMDJLIVE: People out her dying and being misplaced. We don't give a single fuck. https://t.co/Wnr4AUGGjH
815403681663381504	Daron Giranda	Fri Sep 08 01:33:52 +0000 2017		RT @SteveBannen: Paul Ryan worked with Democrats to elect Hillary Clinton while Donald Trump works with Democrats to deliver aid to Hurrica…
845741762924699649	Doris Nino	Fri Sep 08 01:33:52 +0000 2017		Hurricane Irma: Florida hurricane watch expanded as Irma nears Bahamas | Miami Herald https://t.co/sxmoUEXVME
795001804148920321	Luis Quinones	Fri Sep 08 01:33:52 +0000 2017		RT @moiseschiu: This means that Hurricane Irma is now the most powerful hurricane ever measured, therefore exceeding the definition… 
2191862003	nay	Fri Sep 08 01:33:52 +0000 2017		RT @IAMDJLIVE: People out her dying and being misplaced. We don't give a single fuck. https://t.co/Wnr4AUGGjH
2698420910	Gianna Centurion	Fri Sep 08 01:33:52 +0000 2017		"RT @eleiv__: News: ""Hurricane Irma is one of the most powerful Atlantic hurricanes ever."" 
Floridians: https://t.co/pj3bUuMyPn"
187291246	?Tru_2_My_Religion ?	Fri Sep 08 01:33:52 +0000 2017	Baltimore ??	RT @TheAnonJournal: BREAKING NEWS: Hurricane Irma now big enough to cover the entire state of Florida. #Irma2017 https://t.co/w04JkaLg3C
875875116	shelby	Fri Sep 08 01:33:52 +0000 2017	tn	RT @vinnycrack: y'all just gonna bring a hurricane to my hurricane with the hurricane https://t.co/WiOdyye7QF
600361853	Sonia????	Fri Sep 08 01:33:52 +0000 2017	LaLaLand	RT @BillClinton: Hurricane Harvey shattered homes and lives. Irma is just as dangerous. Americans lift each other up. Join us to hel… 
1098839221	MichelleAuthor	Fri Sep 08 01:33:52 +0000 2017	The world	Former US presidents raising money for #hurricane relief https://t.co/dECw1yNlpq
747228510763114496	Eagles (0-0)	Fri Sep 08 01:33:52 +0000 2017	Pennsylvania, USA	"RT @Jayoh30: RT for awareness!

Stream starts at 10! Rise and grind!!! https://t.co/vGJYb1d498"
115652678	nm ???	Fri Sep 08 01:33:52 +0000 2017	Thailand	RT @pui_tuangporn: ???????????????????????????????????? 4 ?????????????????? ????????????????? ???????????????????????????????????????… 
1495909730	Sue	Fri Sep 08 01:33:52 +0000 2017		RT @Sheilaaliens: Hurricane #Harvey &amp; #Irma PREDICTIVE PROGRAMMING ALERT: https://t.co/s5yGzEvMRh
151465457	Palm Beach Biz	Fri Sep 08 01:33:52 +0000 2017	Palm Beach County FL	RT @KristinaWebb: UPDATE: Pahokee and Belle Glade shelters now will not open. Details on Loxahatchee, Wellington shelters: https://t.co/oBk…
195830026	Bryan Wilger	Fri Sep 08 01:33:52 +0000 2017	Saskatoon, Saskatchewan	RT @iglvzx: ... The fuck they gonna do, shoot the hurricane? https://t.co/JRT5M1A6F7
1585580743	christy taylor	Fri Sep 08 01:33:52 +0000 2017		It's all Trump&amp;#8217;s fault,... https://t.co/dAs913uhdQ
97989357	tHeKnOwLeDgEaGe	Fri Sep 08 01:33:52 +0000 2017	Earth	RT @USNavy: ?? Important Hurricane #Irma information about when #USNavy personnel should evacuate - https://t.co/kzQQdZhChy https://t.co/WW…
3305759219	@alexisearlyy	Fri Sep 08 01:33:52 +0000 2017	king william, va	stay safe during the hurricane babe i love you @_blakeleigh7 #Florida
2880362188	American Coins	Fri Sep 08 01:33:52 +0000 2017	Work, home, work, home, work...	RT @hurrtrackerapp: Incredible! #Irma has now been a Category 5 hurricane for 69 hours straight (as of 5PM). This breaks the Atlantic r… 
613348205	Lisette Saavedra	Fri Sep 08 01:33:52 +0000 2017	San Francisco	RT @ABC: Former US Presidents band together to launch 'One America Appeal' to help hurricane victims https://t.co/oGPAmkTzQY https://t.co/R…
466864852	Bo Snerdley	Fri Sep 08 01:33:52 +0000 2017	Southern Command	Hurricane Irma could create one of the largest mass evacuations in U.S. history https://t.co/xmsoqVNDy8 via @usatoday
1671183534	Wethersfield DTC	Fri Sep 08 01:33:52 +0000 2017	Wethersfield, CT	RT @BillClinton: Hurricane Harvey shattered homes and lives. Irma is just as dangerous. Americans lift each other up. Join us to hel… 
177213038	Tia Vane	Fri Sep 08 01:33:53 +0000 2017	Miami ??	RT @Jiggy_Quav: @spanishhflyyy I'm guessing Wilma wasn't as big as andrew https://t.co/oJZUNeEdj0
114341636	Janine	Fri Sep 08 01:33:53 +0000 2017	Wilds of Maine	RT @BillClinton: Hurricane Harvey shattered homes and lives. Irma is just as dangerous. Americans lift each other up. Join us to hel… 
3293254342	B	Fri Sep 08 01:33:53 +0000 2017		RT @ImShmacked: So my professor tried to lighten the mood about the hurricane.... https://t.co/rqapueXUcS
2262164611	...	Fri Sep 08 01:33:53 +0000 2017		RT @Etinni_: Stop with your prayers and fake tears and do something about the United States sabotage of Puerto Rico and it's eco… 
40329047	silv	Fri Sep 08 01:33:53 +0000 2017		"RT @ActualidadRT: Líder religioso acusa a la comunidad gay de haber ""generado"" el huracán Harvey https://t.co/EPzZUBZ7cb https://t.co/NBSGc…"
838145609446096903	Electro Edward!	Fri Sep 08 01:33:53 +0000 2017	Oklahoma, USA	Here's what the Caribbean islands directly in Hurricane Irma’s path looked like after the storm https://t.co/7YvVdx6IPf
2562824386	Bridget Boggs	Fri Sep 08 01:33:53 +0000 2017	804	RT @vinnycrack: y'all just gonna bring a hurricane to my hurricane with the hurricane https://t.co/WiOdyye7QF
3135241	RedState	Fri Sep 08 01:33:53 +0000 2017	Washington, D.C.	‘We Can’t Save You’: Florida Governor’s Dire Warning for Residents in the Path of Hurricane Irma https://t.co/DoVgdZpe8A
2170408291	Chelsea Worthington	Fri Sep 08 01:33:53 +0000 2017		RT @PaulRogersSJMN: Hurricane Irma, right, compared to Hurricane Andrew, in 1992. Andrew killed 65, cost $26 B, destroyed 63,000 homes.… 
3116149472	Conor	Fri Sep 08 01:33:53 +0000 2017		RT @AirlineFlyer: All my Delta 737 vs Hurricane #Irma tweets in one handy Moment. That was incredible. https://t.co/Dhzx4A8sxW
2942294851	?	Fri Sep 08 01:33:53 +0000 2017	Madrid, Spain	RT @NasMaraj: Not to be dramatic but if we don't take climate change more seriously we're all going to die https://t.co/Y2PgKVwnbd
3100261337	Katheryn	Fri Sep 08 01:33:53 +0000 2017		Who took this video of you @playboyjosue https://t.co/Cohl91cvTr
921521460	Matt Leeds	Fri Sep 08 01:33:53 +0000 2017	New York, NY	RT @NBCNightlyNews: JUST IN: All 5 living former US presidents come together to announce https://t.co/toauaetqEc fundraising effort for… 
4547843068	Jaden Phillips	Fri Sep 08 01:33:53 +0000 2017		RT @MarkRicht: To set the record straight we have not practiced since Tuesday and we won't til everyone gets back in town after this CATEGO…
290713047	anne	Fri Sep 08 01:33:53 +0000 2017	manaus\ am	RT @billboard: Demi Lovato is working to help those affected by DACA, Harvey https://t.co/hYoL32lHVd
21114693	Elfie ? DragonCon	Fri Sep 08 01:33:53 +0000 2017	San Diego, CA	RT @LOLGOP: Remember: The guys who'd love to uninsure millions of kids find it impolite when you connect the largest hurricane ever to clim…
2455219501	David Block	Fri Sep 08 01:33:53 +0000 2017		RT @WCCORosen: Holy hell https://t.co/FHzKsFf37w
820042865103532033	nina | happy bday jd	Fri Sep 08 01:33:53 +0000 2017	lost bm revolution elh	"RT @glendonfrancis: Anguilla is another island disrupted by the fury of hurricane Irma. The folks desperately need assistance.
https://t.co…"
953563770	maryam	Fri Sep 08 01:33:53 +0000 2017		"RT @KillianTrill: Bush: Katrina 
Obama: Sandy
Trump: Harvey, Irma, Jose, Katia, Nazi's, Fake News, Tweets https://t.co/HJn10u9ed3"
70947648	#DefendDACA	Fri Sep 08 01:33:53 +0000 2017	Canada	RT @IAMDJLIVE: People out her dying and being misplaced. We don't give a single fuck. https://t.co/Wnr4AUGGjH
2271952531	Resist	Fri Sep 08 01:33:53 +0000 2017		@tjcruzn @mirandamuseum Bcuz leaving the airprt for a meal while waiting to evacuate bcuz the largest hurricane on… https://t.co/xlkYNgU7Bn
2901286427	Simone	Fri Sep 08 01:33:53 +0000 2017	Black Lives Matter 	RT @TheDweck: Get out of this country if you can't speak the language https://t.co/T90Rt8DxQ8
19000908	The Editor	Fri Sep 08 01:33:53 +0000 2017		Goodell welcomed to boos at Gillette Stadium https://t.co/nI4qzmGncF
372171372	? Love Goddess ?	Fri Sep 08 01:33:53 +0000 2017	#TeamKirkoBangz	RT @MichelleObama: The outpouring of support for Houston &amp; communities along the Gulf Coast represents the best of who we are &amp; what t… 
431727614	Carys Bound	Fri Sep 08 01:33:53 +0000 2017	Wales	Thinking of everyone in my fave part of the world ? https://t.co/tDzHKPq9NT
2793860838	Keelion??	Fri Sep 08 01:33:53 +0000 2017		May the Lord protect you. Amen ???? https://t.co/HN6s5K92Qv
727080208646328320	Diana	Fri Sep 08 01:33:53 +0000 2017		RT @BiologistDan: A Hurricane Watch has been issued for southern #Florida. Remember to save your pets as you save yourselves.… 
1902427388	Tee Em	Fri Sep 08 01:33:53 +0000 2017	Bob Wills is still the king	RT @glennbeck: This couple is amazing! https://t.co/l5bxhpxrSP
198967539	Nate (Verritfied)	Fri Sep 08 01:33:53 +0000 2017		RT @7im: Florida's governor banned the use of the words climate change https://t.co/mpK3Uwb4L6
2192201801	jesse	Fri Sep 08 01:33:53 +0000 2017	Pompano Beach, FL	RT @slopezt0904: Floridians when asked about Hurricane Irma https://t.co/Mu7MGvhBJU
2219447536	Fan de J.Beals	Fri Sep 08 01:33:53 +0000 2017	France	RT @Camila_Cabello: please keep my people of Florida and the Caribbean in your prayers during this beast hurricane Irma  ???????? love you…
3712977435	Clare Matthews	Fri Sep 08 01:33:54 +0000 2017		RT @NasMaraj: Not to be dramatic but if we don't take climate change more seriously we're all going to die https://t.co/Y2PgKVwnbd
3234550994	nonametoday	Fri Sep 08 01:33:54 +0000 2017		"RT @kurteichenwald: Gee, how...expected.

REVEALED: Alex Jones and Tucker Carlson spread racist fake news about black Harvey ‘looters’ http…"
2423012155	David Aguilar™ ?	Fri Sep 08 01:33:54 +0000 2017	Guatemela 	RT @LuisOmarTapia: Estimados amigos en la Florida, vean la magnitud de huracán Irma hoy en día y Andrew del 92. Protejan la familia. B… 
1434781	Adam Gessaman	Fri Sep 08 01:33:54 +0000 2017		"RT @EricHolthaus: Hurricane Andrew (1992, inset) &amp; Hurricane Irma (today), at scale.

https://t.co/0eaOdWFVx5 https://t.co/yhIlAKNCpL"
866108272469737473	...	Fri Sep 08 01:33:54 +0000 2017		"RT @curvegawdess: Nigeria underwater 
Sierra Leone underwater 
India underwater 
Pakistan underwater 
Nepal underwater 
Thousands of… "
3278937984	?	Fri Sep 08 01:33:54 +0000 2017	HTX  ?	RT @kingrizzyiv_: Y'all too woke for me ? https://t.co/cz9CrJ8eAn
317204466	Fatima	Fri Sep 08 01:33:54 +0000 2017	United States	RT @TheAnonJournal: BREAKING PHOTO: First images coming out of Southern Florida show looming clouds ahead of Hurricane Irma. #Irma2017… 
750029439191355392	haylee bender	Fri Sep 08 01:33:54 +0000 2017		RT @Thesupercole: O SNAP https://t.co/0W8H2tFWTN
99357242	Torah Law Form	Fri Sep 08 01:33:54 +0000 2017	Arizona	For what? Not following basic instructions maybe?  Keeping the Sabbath &amp; High Holydays? Eating Biblically clean foo… https://t.co/hwYZaJddUC
463403550	Cynthia	Fri Sep 08 01:33:54 +0000 2017		RT @kind_kiwi: so my teacher tried to lighten the mood about the hurricane https://t.co/OpfWnNaBHT
275735548	?	Fri Sep 08 01:33:54 +0000 2017	25.7840° N, 80.2015° W	I'm over here killing Hurricane snacks hahhahahah
49634690	Caroline Cardwell	Fri Sep 08 01:33:54 +0000 2017	Virginia	RT @TheRickyDavila: I mean, this isn't even a joke, America &amp; its future is in very real danger with these self serving, deranged buffo… 
389737132	Coralys	Fri Sep 08 01:33:54 +0000 2017		"I LOVE THIS WOMAN ?? @ddlovato 
#DACAStrong https://t.co/7AcOJuWkv0"
782682681049964544	Buddy Love	Fri Sep 08 01:33:54 +0000 2017	Small Town, USA	RT @Rambobiggs: No Way Jose https://t.co/6xOblqhG52
2438735875	delaney	Fri Sep 08 01:33:54 +0000 2017	Sioux City, IA	"RT @IowaChill: Florida: ""we need to take shelter from the hurricane immediately""

Iowans: https://t.co/xpwIkGKTAs"
2575987809	dianaa ?	Fri Sep 08 01:33:54 +0000 2017	the beach	"RT @youngmetropcs: If you evacuate Miami this week due to the hurricane, you're no longer allowed to say ""305 till I die""."
387011634	???	Fri Sep 08 01:33:54 +0000 2017		RT @masatheman: ???????????????????????????????????? https://t.co/ucCOKhCVQY
273168083	chantyl ?	Fri Sep 08 01:33:54 +0000 2017	Texas	RT @NasMaraj: Not to be dramatic but if we don't take climate change more seriously we're all going to die https://t.co/Y2PgKVwnbd
783234635241103360	Halo Benson	Fri Sep 08 01:33:54 +0000 2017	Tulsa, OK	RT @CarolineLucas: The moment the Government accused me of 'lacking humanity' for mentioning climate change policy in relation to Hurr… 
4257601754	Fero	Fri Sep 08 01:33:54 +0000 2017	Colorado	RT @CBS12: New Video: FHP escorts tanker trucks full of fuel, as directed by Gov. Scott.  PB County under a Hurricane Watch.… 
821375824242888705	Donald Bauer	Fri Sep 08 01:33:54 +0000 2017		"RT @RealJamesWoods: If this weren't written by the @nytimes, the headline would be ""Trump Trumps Politics to Focus on Hurricane Relief"" htt…"
1862346168	ebmacp	Fri Sep 08 01:33:54 +0000 2017		Remember I live in Central Oregon. Local news just announced we may have a very active hurricane season. Do ya think???
750357979107430400	7 OR NEVER	Fri Sep 08 01:33:54 +0000 2017	htx	"RT @danwlin: 2016: Next year can’t be worse

2017: If we’re lucky, the category-5 hurricane extinguishes the half of the country that’s cur…"
831168064498593792	Cloud Nine	Fri Sep 08 01:33:54 +0000 2017		"RT @kurteichenwald: Gee, how...expected.

REVEALED: Alex Jones and Tucker Carlson spread racist fake news about black Harvey ‘looters’ http…"
182015519	I Don't Recall	Fri Sep 08 01:33:54 +0000 2017		"RT @PrincessBravato: Well when you put it that way
HOLY f****** hell!!!!!
#Irma2017 https://t.co/a81tVbTH4q"
402355096	Not My President 45	Fri Sep 08 01:33:54 +0000 2017	No #RWNJ Zone!	"RT @BillyBaldwin: #TrumpTrollingTrump.
#NostraTrumpus..??? https://t.co/uVTV5JczHT"
491946048	Randy Jackson RJ	Fri Sep 08 01:33:54 +0000 2017	Geneva, OH	Wow https://t.co/7B0yxr803e
701631392	Adri Gonzalez	Fri Sep 08 01:33:54 +0000 2017	Miami 	RT @IAMDJLIVE: People out her dying and being misplaced. We don't give a single fuck. https://t.co/Wnr4AUGGjH
514005773	Valori Blu Dule'	Fri Sep 08 01:33:54 +0000 2017	Orlando, Florida	"Hurricane something something something...
Paul better not be evicted tonight!!
That would be disastrous for my life!!
I can't even #BB19!!"
23164061	Theresa Valenzuela	Fri Sep 08 01:33:55 +0000 2017	Austin, Texas	RT @GaryJanetti: Oh, great, now that cunt Ann Coulter is gonna blame Hurricane Irma on the gays too.
1584694272	.	Fri Sep 08 01:33:55 +0000 2017	Columbia, MO	RT @emorwee: New study out today asserts 50% of temperature increase &amp; 32% of sea level rise was caused by just 90 companies https://t.co/C…
1164494887	ma	Fri Sep 08 01:33:55 +0000 2017		RT @Camila_Cabello: please keep my people of Florida and the Caribbean in your prayers during this beast hurricane Irma  ???????? love you…
798198288247848960	Sarah Hughes	Fri Sep 08 01:33:55 +0000 2017		Tell Congress: Act Now in Response to Hurricane Harvey https://t.co/Ai9pUiVUW7
